INSERT INTO FC99999 (SUBARGUM, ARGUMENTO, PARAMETRO, DESCRPAR)
VALUES ('CDOBSCLI', 'CDOBSCLI_VALUE1', 'PARAM1', 'DESCRIPTION1');
INSERT INTO FC99999 (SUBARGUM, ARGUMENTO, PARAMETRO, DESCRPAR)
VALUES ('CDOBSCLI', 'CDOBSCLI_VALUE2', 'PARAM2', 'DESCRIPTION2');

INSERT INTO FC07000 (CDCLI, NOMECLI, DTNAS, NRCNPJ, EMAIL, EMAIL2, NRINSCR, NRCPF, UFRG, TPDOC, OBSPOT)
VALUES (1, 'Client Name 1', '1980-01-01', '12345678901234', 'client1@example.com', 'client1.alt@example.com',
        '123456789', '12345678900', 'SC', 'CPF', 'Special instructions');
INSERT INTO FC07000 (CDCLI, NOMECLI, DTNAS, NRCNPJ, EMAIL, EMAIL2, NRINSCR, NRCPF, UFRG, TPDOC, OBSPOT)
VALUES (2, 'Client Name 2', '1990-05-23', '98765432109876', 'client2@example.com', 'client2.alt@example.com',
        '987654321', '98765432100', 'SP', 'CNPJ', 'Handle with care');

INSERT INTO FC07200 (CDCLI, NRDDD, NRTEL, NRDDD2, NRTEL2, NRDDDFAX, NRFAX, MUNIC, UNFED, ENDER, ENDNR, NRCEP, ENDCP,
                     BAIRR)
VALUES (1, '48', '12345678', '48', '87654321', '48', '99999999', 'City1', 'SC', 'Street1', '100', '88123-456',
        'Complement1', 'Neighborhood1');
INSERT INTO FC07200 (CDCLI, NRDDD, NRTEL, NRDDD2, NRTEL2, NRDDDFAX, NRFAX, MUNIC, UNFED, ENDER, ENDNR, NRCEP, ENDCP,
                     BAIRR)
VALUES (2, '48', '23456789', '48', '98765432', '48', '88888888', 'City2', 'SP', 'Street2', '200', '88234-567',
        'Complement2', 'Neighborhood2');

INSERT INTO FC04000 (NRCRM, UFCRM, PFCRM, NOMEMED, NRCEL, TPTRAT)
VALUES ('123', 'SC', 'A', 'Doctor One', '12345678', 'General');
INSERT INTO FC04000 (NRCRM, UFCRM, PFCRM, NOMEMED, NRCEL, TPTRAT)
VALUES ('456', 'SP', 'B', 'Doctor Two', '23456789', 'Specialist');

INSERT INTO FC04400 (NRCRM, UFCRM, PFCRM, NRTEL, NRTEL2, NRFAX)
VALUES ('123', 'SC', 'A', '12345678', '87654321', '99999999');
INSERT INTO FC04400 (NRCRM, UFCRM, PFCRM, NRTEL, NRTEL2, NRFAX)
VALUES ('456', 'SP', 'B', '23456789', '98765432', '88888888');

INSERT INTO FC08000 (CDFUN, NOMEFUN, USERID)
VALUES (1, 'John Doe', 'john.doe');
INSERT INTO FC08000 (CDFUN, NOMEFUN, USERID)
VALUES (2, 'Jane Smith', 'jane.smith');

INSERT INTO FC15000 (CDFIL, NRORC, CDCLI, DTENTR, NOMEPA, CDFUN, VRRQU, VRDSC)
VALUES (5000, 999999, 1, '2024-10-19', 'Doctor One', 'FUN1', 500.00, 50.00);
INSERT INTO FC15000 (CDFIL, NRORC, CDCLI, DTENTR, NOMEPA, CDFUN, VRRQU, VRDSC)
VALUES (5000, 138958, 2, '2024-10-20', 'Doctor Two', 'FUN2', 600.00, 60.00);

INSERT INTO FC15100 (CDFIL, NRORC, SERIEO, PFCRM, UFCRM, NRCRM, QTCONT, VRDSC, PRCOBR, PRREAL, CDCLI, DTENTR, CDFUNRE,
                     CDFUNDG, NOMEPA, VOLUME, TPFORMAFARMA, QTFOR, UNIVOL, TITROT, UNICONT, TPCAP, CDEMB, DTCAD, HRCAD)
VALUES (5000, 999999, 'SER1', 'A', 'SC', '123', 10, 100.00, 90.00, 80.00, 1, '2024-03-21', 1, 2, 'Doctor One', 300.00,
        'Capsule', 2, 'ml', 'Title Rotation', 'mg', 'Hard', 1, '2024-03-21', '08:00:00');
INSERT INTO FC15100 (CDFIL, NRORC, SERIEO, PFCRM, UFCRM, NRCRM, QTCONT, VRDSC, PRCOBR, PRREAL, CDCLI, DTENTR, CDFUNRE,
                     CDFUNDG, NOMEPA, VOLUME, TPFORMAFARMA, QTFOR, UNIVOL, TITROT, UNICONT, TPCAP, CDEMB, DTCAD, HRCAD)
VALUES (5000, 138958, 'SER2', 'B', 'SP', '456', 15, 150.00, 140.00, 130.00, 2, '2024-10-19', 2, 1, 'Doctor Two', 400.00,
        'Tablet', 3, 'g', 'Title Rotation 2', 'g', 'Soft', 2, '2024-10-20', '09:30:00');

INSERT INTO FC03000 (CDPRO, DOMAX, UNIDM, DOMAXD, UNIDMD, PORTA, DESCRPRD, TPFORMAFARMA, DIASVAL, SETOR, CDOBS)
VALUES (1, 100.00, 'MG', 200.00, 'MG/DAY', 'P123', 'Product Description 1', 'Solid', 30, 'General', 'CDOBSCLI_VALUE1');
INSERT INTO FC03000 (CDPRO, DOMAX, UNIDM, DOMAXD, UNIDMD, PORTA, DESCRPRD, TPFORMAFARMA, DIASVAL, SETOR, CDOBS)
VALUES (2, 150.00, 'ML', 300.00, 'ML/DAY', 'P456', 'Product Description 2', 'Liquid', 45, 'Pharma', 'CDOBSCLI_VALUE2');

INSERT INTO FC15110 (CDFIL, NRORC, SERIEO, CDPRO, DESCR, ITEMID, QUANT, UNIDA, CDPRIN, TPCMP, DTENTR, TPFORMAFARMA,
                     PORTA)
VALUES (5000, 999999, 'SER1', 1, 'Product 1', 101, 2.00, 'UN', 1, 'Type A', '2024-10-19', 'Solid', 'P123');
INSERT INTO FC15110 (CDFIL, NRORC, SERIEO, CDPRO, DESCR, ITEMID, QUANT, UNIDA, CDPRIN, TPCMP, DTENTR, TPFORMAFARMA,
                     PORTA)
VALUES (5000, 138958, 'SER2', 2, 'Product 2', 102, 3.00, 'KG', 2, 'Type B', '2024-10-20', 'Liquid', 'P456');

INSERT INTO FC03200 (CDSIN, CDPRO, DESCRPRD)
VALUES (43777, 1, 'Synonym Description 1');
INSERT INTO FC03200 (CDSIN, CDPRO, DESCRPRD)
VALUES (48557, 2, 'Synonym Description 2');
